종목코드,종목명,종가,대비,등락률,상장시가총액
"005930","삼성전자","60000","2500","4.35","3.58186953E8"
"000660","SK하이닉스","98700","4700","5.00","7.1853833E7"
"207940","삼성바이오로직스","817000","-8000","-0.97","5.8149158E7"
"005380","현대차","183500","1000","0.55","3.9208112E7"
"035420","NAVER","231000","-2500","-1.07","3.7895339E7"
"006400","삼성SDI","548000","7000","1.29","3.7682962E7"
"051910","LG화학","512000","-18000","-3.40","3.614328E7"
"000270","기아","79100","300","0.38","3.2064241E7"
"035720","카카오","70100","-2000","-2.77","3.1190875E7"
"068270","셀트리온","186500","-2500","-1.32","2.6253204E7"
"028260","삼성물산","113000","0","0.00","2.111824E7"
"012330","현대모비스","211500","0","0.00","2.0002209E7"
"005490","POSCO홀딩스","224000","1000","0.45","1.9529851E7"
"105560","KB금융","44050","-1300","-2.87","1.8164127E7"
"055550","신한지주","33400","-600","-1.76","1.7132E7"
"096770","SK이노베이션","170500","-2000","-1.16","1.5765379E7"
"034730","SK","210500","4000","1.94","1.5608434E7"
"066570","LG전자","90900","700","0.78","1.4875586E7"
"323410","카카오뱅크","29900","-1000","-3.24","1.4240845E7"
"015760","한국전력","21500","0","0.00","1.3802228E7"
"003550","LG","75900","-100","-0.13","1.1939145E7"
"017670","SK텔레콤","53500","-1400","-2.55","1.1707573E7"
"259960","크래프톤","235500","-9500","-3.88","1.1556467E7"
"032830","삼성생명","57000","-800","-1.38","1.14E7"
"091990","셀트리온헬스케어","70500","-800","-1.12","1.1149919E7"
"033780","KT&G","81200","200","0.25","1.1148151E7"
"034020","두산에너빌리티","17450","-350","-1.97","1.1049377E7"
"011200","HMM","22500","-1000","-4.26","1.1003389E7"
"051900","LG생활건강","711000","-9000","-1.25","1.1104538E7"
"247540","에코프로비엠","111500","-5500","-4.70","1.090485E7"
"302440","SK바이오사이언스","137000","-13000","-8.67","1.0519414E7"
"009150","삼성전기","139000","7000","5.30","1.0382424E7"
"086790","하나금융지주","33850","-950","-2.73","1.0016333E7"
"018260","삼성에스디에스","130500","0","0.00","1.0097803E7"
"010950","S-Oil","88900","-1700","-1.88","1.000861E7"
"030200","KT","36600","-350","-0.95","9556692.0"
"000810","삼성화재","195500","-1500","-0.76","9261781.0"
"003490","대한항공","24350","-500","-2.01","8966173.0"
"377300","카카오페이","66200","-1900","-2.79","8773415.0"
"010130","고려아연","450000","-2000","-0.44","8491500.0"
"003670","포스코케미칼","109000","-1000","-0.91","8443491.0"
"011070","LG이노텍","341000","1500","0.44","8070483.0"
"316140","우리금융지주","11000","-300","-2.65","8008666.0"
"036570","엔씨소프트","363500","-4000","-1.09","7980287.0"
"090430","아모레퍼시픽","133500","-1000","-0.74","7808783.0"
"066970","엘앤에프","207500","-5500","-2.58","7455395.0"
"086280","현대글로비스","181000","-1500","-0.82","6787500.0"
"024110","기업은행","8880","-150","-1.66","6609389.0"
"352820","하이브","156500","-7000","-4.28","6471805.0"
"009830","한화솔루션","32000","-950","-2.88","6120912.0"
"326030","SK바이오팜","78100","300","0.39","6116265.0"
"251270","넷마블","68400","100","0.15","5879220.0"
"097950","CJ제일제당","397500","-4500","-1.12","5984039.0"
"361610","SK아이이테크놀로지","81800","-1700","-2.04","5832143.0"
"011170","롯데케미칼","166000","-3500","-2.06","5689720.0"
"402340","SK스퀘어","40350","550","1.38","5708216.0"
"009540","한국조선해양","79700","-600","-0.75","5640617.0"
"034220","LG디스플레이","15200","400","2.70","5438799.0"
"018880","한온시스템","10050","60","0.60","5364690.0"
"383220","F&F","140500","4500","3.31","5382144.0"
"035250","강원랜드","24600","550","2.29","5262936.0"
"032640","LG유플러스","11950","-200","-1.65","5217506.0"
"047810","한국항공우주","48500","200","0.41","4727543.0"
"021240","코웨이","65400","-1200","-1.80","4826495.0"
"011790","SKC","125000","-3000","-2.34","4733537.0"
"137310","에스디바이오센서","47000","-900","-1.88","4853754.0"
"010140","삼성중공업","5260","-20","-0.38","4628800.0"
"028300","HLB","42800","250","0.59","4574581.0"
"271560","오리온","106500","-500","-0.47","4210598.0"
"000100","유한양행","57300","-200","-0.35","4196164.0"
"005830","DB손해보험","58400","-1700","-2.83","4134720.0"
"004020","현대제철","31400","-250","-0.79","4190198.0"
"000720","현대건설","37000","-600","-1.60","4120163.0"
"161390","한국타이어앤테크놀로지","31650","750","2.43","3920646.0"
"293490","카카오게임즈","49400","-2100","-4.08","3887740.0"
"267250","HD현대","51100","-400","-0.78","4036547.0"
"180640","한진칼","58500","-700","-1.18","3905534.0"
"000060","메리츠화재","30800","-850","-2.69","3715250.0"
"128940","한미약품","314000","3000","0.96","3867843.0"
"078930","GS","38700","-450","-1.15","3595825.0"
"028050","삼성엔지니어링","18600","-400","-2.11","3645600.0"
"011780","금호석유","118500","-5000","-4.05","3590058.0"
"006800","미래에셋증권","6000","-100","-1.64","3691898.0"
"004990","롯데지주","32500","-450","-1.37","3409550.0"
"029780","삼성카드","29750","-250","-0.83","3446802.0"
"263750","펄어비스","51800","-700","-1.33","3327417.0"
"307950","현대오토에버","122500","-500","-0.41","3359438.0"
"036460","한국가스공사","33200","-1450","-4.18","3064792.0"
"071050","한국금융지주","56600","-1400","-2.41","3154091.0"
"282330","BGF리테일","185500","-2500","-1.33","3206165.0"
"020150","일진머티리얼즈","68400","-200","-0.29","3153981.0"
"003410","쌍용C&E","6210","50","0.81","3128968.0"
"005940","NH투자증권","9210","170","1.88","3054643.0"
"010620","현대미포조선","79500","-700","-0.87","3175401.0"
"002790","아모레G","37050","-850","-2.24","3055076.0"
"068760","셀트리온제약","77200","-1000","-1.28","2908977.0"
"138040","메리츠금융지주","23250","-1550","-6.25","2995490.0"
"139480","이마트","101500","0","0.00","2829396.0"
"241560","두산밥캣","28700","-300","-1.03","2877151.0"
"196170","알테오젠","65000","200","0.31","2784677.0"
"001450","현대해상","31950","-150","-0.47","2856330.0"
"008560","메리츠증권","4265","-100","-2.29","2728366.0"
"008930","한미사이언스","40100","50","0.12","2751810.0"
"010060","OCI","116000","-1500","-1.28","2766527.0"
"016360","삼성증권","31300","-100","-0.32","2795090.0"
"028670","팬오션","5170","-110","-2.08","2763724.0"
"008770","호텔신라","67600","-300","-0.44","2653173.0"
"023530","롯데쇼핑","88800","-1300","-1.44","2512041.0"
"014680","한솔케미칼","216000","2500","1.17","2448402.0"
"012750","에스원","63100","100","0.16","2397748.0"
"052690","한전기술","64400","-900","-1.38","2461368.0"
"026960","동서","24850","-250","-1.00","2477545.0"
"007070","GS리테일","23700","-400","-1.66","2481815.0"
"204320","만도","52400","1700","3.35","2460553.0"
"030000","제일기획","21750","-150","-0.68","2502147.0"
"000120","CJ대한통운","111500","-3500","-3.04","2543576.0"
"096530","씨젠","46400","-600","-1.28","2423286.0"
"272210","한화시스템","12250","-150","-1.21","2314263.0"
"278280","천보","222900","-2800","-1.24","2229000.0"
"006360","GS건설","27700","-600","-2.12","2370607.0"
"002380","KCC","265000","-10500","-3.81","2354915.0"
"001040","CJ","77500","-400","-0.51","2261217.0"
"006280","녹십자","184000","-500","-0.27","2150323.0"
"042660","대우조선해양","19300","-50","-0.26","2070710.0"
"069620","대웅제약","178500","1500","0.85","2068204.0"
"064350","현대로템","19200","700","3.78","2095532.0"
"253450","스튜디오드래곤","72800","-2800","-3.70","2185033.0"
"047040","대우건설","5120","-120","-2.29","2127988.0"
"047050","포스코인터내셔널","17900","-250","-1.38","2208415.0"
"035760","CJ ENM","99500","-400","-0.40","2181951.0"
"012450","한화에어로스페이스","43250","-50","-0.12","2189748.0"
"035900","JYP Ent.","55100","-200","-0.36","1955912.0"
"058470","리노공업","129600","4000","3.18","1975411.0"
"086520","에코프로","80000","4300","5.68","1956070.0"
"112040","위메이드","60000","-1700","-2.76","2014407.0"
"000080","하이트진로","29300","-550","-1.84","2054915.0"
"000990","DB하이텍","43100","250","0.58","1913579.0"
"004170","신세계","209000","-2000","-0.95","2057643.0"
"112610","씨에스윈드","45500","-1100","-2.36","1918799.0"
"138930","BNK금융지주","6240","-140","-2.19","2033836.0"
"237690","에스티팜","93300","400","0.43","1754859.0"
"000880","한화","23400","-100","-0.43","1754034.0"
"336260","두산퓨얼셀","28000","-900","-3.11","1833824.0"
"088350","한화생명","2050","-55","-2.61","1780487.0"
"285130","SK케미칼","103500","-1500","-1.43","1823751.0"
"039490","키움증권","71600","-400","-0.56","1877317.0"
"005290","동진쎄미켐","33250","800","2.47","1709532.0"
"041510","에스엠","69800","-700","-0.99","1660430.0"
"357780","솔브레인","217500","600","0.28","1691838.0"
"003090","대웅","28100","600","2.18","1633790.0"
"004000","롯데정밀화학","63200","-2300","-3.51","1630560.0"
"004370","농심","280500","0","0.00","1706181.0"
"111770","영원무역","37100","-800","-2.11","1643955.0"
"005300","롯데칠성","171000","-1000","-0.58","1586689.0"
"006260","LS","51800","-1000","-1.89","1667960.0"
"007310","오뚜기","447000","-4000","-0.89","1641376.0"
"011210","현대위아","58700","1100","1.91","1596351.0"
"051600","한전KPS","36900","-650","-1.73","1660500.0"
"081660","휠라홀딩스","27800","150","0.54","1688912.0"
"005070","코스모신소재","51500","300","0.59","1578514.0"
"108320","LX세미콘","90200","-200","-0.22","1467040.0"
"145020","휴젤","114200","-8300","-6.78","1414419.0"
"004800","효성","72000","-1200","-1.64","1517114.0"
"005850","에스엘","31150","200","0.65","1446871.0"
"010120","LS ELECTRIC","49800","-800","-1.58","1494000.0"
"375500","DL이앤씨","37800","-650","-1.69","1462619.0"
"069960","현대백화점","63000","-800","-1.25","1474354.0"
"079550","LIG넥스원","70300","100","0.14","1546600.0"
"093370","후성","16300","-200","-1.21","1509491.0"
"298050","효성첨단소재","322500","-8000","-2.42","1444783.0"
"336370","솔루스첨단소재","42000","-650","-1.52","1474670.0"
"019170","신풍제약","27300","450","1.68","1446490.0"
"007390","네이처셀","21750","400","1.87","1362358.0"
"353200","대덕전자","27850","-150","-0.54","1376261.0"
"056190","에스에프에이","38850","100","0.26","1395055.0"
"064760","티씨케이","116500","100","0.09","1360138.0"
"225570","넥슨게임즈","20000","800","4.17","1314929.0"
"240810","원익IPS","28450","350","1.25","1396437.0"
"000210","DL","64800","-1100","-1.67","1357941.0"
"009240","한샘","55600","-1600","-2.80","1308486.0"
"042700","한미반도체","13500","-450","-3.23","1335417.0"
"089860","롯데렌탈","37350","450","1.22","1368282.0"
"120110","코오롱인더","49400","-450","-0.90","1359443.0"
"139130","DGB금융지주","7340","-180","-2.39","1241530.0"
"175330","JB금융지주","7000","-160","-2.23","1378880.0"
"249420","일동제약","47750","6150","14.78","1279857.0"
"298020","효성티앤씨","298500","-4500","-1.49","1291813.0"
"025900","동화기업","61900","-1200","-1.90","1250453.0"
"032500","케이엠더블유","28350","650","2.35","1128922.0"
"034230","파라다이스","12650","-100","-0.78","1150425.0"
"048410","현대바이오","28850","2050","7.65","1139829.0"
"067630","HLB생명과학","12550","-100","-0.79","1198501.0"
"141080","레고켐바이오","46000","50","0.11","1117950.0"
"195940","HK이노엔","41950","400","0.96","1212544.0"
"271940","일진하이솔루스","31000","100","0.32","1125709.0"
"298380","에이비엘바이오","25000","-350","-1.38","1191450.0"
"001120","LX인터내셔널","28800","-50","-0.17","1116288.0"
"001230","동국제강","11950","-150","-1.24","1140421.0"
"010780","아이에스동서","38100","-700","-1.80","1177008.0"
"011000","진원생명과학","15300","450","3.03","1188481.0"
"016380","KG스틸","12200","-400","-3.17","1220109.0"
"222800","심텍","38100","550","1.46","1213643.0"
"039030","이오테크닉스","76400","2300","3.10","941214.0"
"248070","솔루엠","19150","50","0.26","957606.0"
"067160","아프리카TV","82100","-700","-0.85","943720.0"
"078340","컴투스","71900","-2200","-2.97","925096.0"
"078600","대주전자재료","64800","-900","-1.37","1003142.0"
"098460","고영","13550","700","5.45","930272.0"
"122870","와이지엔터테인먼트","53500","0","0.00","995778.0"
"137400","피엔티","41000","-150","-0.36","932389.0"
"144510","지씨셀","60000","-300","-0.50","948021.0"
"214150","클래시스","14700","-550","-3.61","952218.0"
"299900","위지윅스튜디오","21700","-100","-0.46","927940.0"
"000150","두산","63500","-1000","-1.55","1049264.0"
"001800","오리온홀딩스","15050","0","0.00","942814.0"
"003690","코리안리","8380","-120","-1.41","1008693.0"
"005250","녹십자홀딩스","20950","450","2.20","985241.0"
"009900","명신산업","17500","50","0.29","918227.0"
"012510","더존비즈온","34000","-350","-1.02","1033015.0"
"017800","현대엘리베이","25800","-200","-0.77","1053032.0"
"018670","SK가스","105000","-3000","-2.78","969176.0"
"020560","아시아나항공","14250","-400","-2.73","1060368.0"
"031430","신세계인터내셔날","28600","0","0.00","1021020.0"
"042670","현대두산인프라코어","5080","-100","-1.93","1004638.0"
"178920","PI첨단소재","32650","-100","-0.31","958810.0"
"181710","NHN","28450","-800","-2.74","1067385.0"
"185750","종근당","88600","100","0.11","1062140.0"
"195870","해성디에스","60000","-600","-0.99","1020000.0"
"064550","바이오니아","36850","250","0.68","951109.0"
"000250","삼천당제약","33550","800","2.44","763868.0"
"381970","케이카","18750","0","0.00","901622.0"
"036540","SFA반도체","5200","0","0.00","855194.0"
"036930","주성엔지니어링","16100","500","3.21","776812.0"
"039200","오스코텍","28000","250","0.90","845783.0"
"053800","안랩","87400","-3100","-3.43","875211.0"
"085660","차바이오텍","15150","0","0.00","852465.0"
"086900","메디톡스","114800","-1700","-1.46","752637.0"
"095700","제넥신","34250","250","0.74","861010.0"
"166090","하나머티리얼즈","42000","600","1.45","829612.0"
"200130","콜마비앤에이치","25950","-700","-2.63","766655.0"
"213420","덕산네오룩스","30900","-600","-1.90","767283.0"
"215000","골프존","138500","1200","0.87","869145.0"
"215200","메가스터디교육","75900","-1300","-1.68","900317.0"
"256840","한국비엔씨","12650","400","3.27","853690.0"
"001680","대상","21750","-150","-0.68","753595.0"
"006650","대한유화","120000","-500","-0.41","780000.0"
"009420","한올바이오파마","17150","-100","-0.58","895927.0"
"013890","지누스","45000","-3200","-6.64","775459.0"
"014830","유니드","95300","-800","-0.83","847202.0"
"023590","다우기술","17550","-150","-0.85","787409.0"
"032350","롯데관광개발","10750","-250","-2.27","777576.0"
"039130","하나투어","49000","-1000","-2.00","785920.0"
"069260","TKG휴켐스","18300","-150","-0.81","748078.0"
"079160","CJ CGV","20750","-450","-2.12","848056.0"
"082640","동양생명","5280","-190","-3.47","851973.0"
"089590","제주항공","15000","-50","-0.33","746395.0"
"114090","GKL","13700","200","1.48","847423.0"
"161890","한국콜마","38050","0","0.00","870629.0"
"192820","코스맥스","68100","-600","-0.87","772902.0"
"267270","현대건설기계","38600","-1600","-3.98","760451.0"
"300720","한일시멘트","12850","-300","-2.28","890011.0"
"003380","하림지주","7940","-100","-1.24","889325.0"
"046890","서울반도체","10600","50","0.47","618037.0"
"344820","KCC글라스","43300","-1000","-2.26","691523.0"
"084370","유진테크","29500","-50","-0.17","676023.0"
"084990","헬릭스미스","18650","-350","-1.84","702906.0"
"140410","메지온","22150","2600","13.30","592336.0"
"140860","파크시스템스","92100","2800","3.14","639594.0"
"206650","유바이오로직스","17800","550","3.19","648718.0"
"218410","RFHIC","21550","250","1.17","577248.0"
"272290","이녹스첨단소재","33300","150","0.45","670184.0"
"383310","에코프로에이치엔","38150","-150","-0.39","583883.0"
"000070","삼양홀딩스","71400","-1700","-2.33","611489.0"
"003000","부광약품","9480","880","10.23","673678.0"
"003520","영진약품","3645","70","1.96","666644.0"
"003530","한화투자증권","3045","-25","-0.81","653298.0"
"003540","대신증권","14150","-150","-1.05","718444.0"
"003850","보령","10800","500","4.85","741852.0"
"004490","세방전지","48600","-600","-1.22","680400.0"
"005440","현대그린푸드","7430","-140","-1.85","725944.0"
"005880","대한해운","2255","-25","-1.10","719745.0"
"006120","SK디스커버리","34100","-900","-2.57","649191.0"
"020000","한섬","28550","-400","-1.38","703187.0"
"036420","콘텐트리중앙","35100","-1150","-3.17","672948.0"
"103140","풍산","23900","-800","-3.24","669780.0"
"105630","한세실업","15650","-100","-0.63","626000.0"
"192080","더블유게임즈","39850","-1150","-2.80","732224.0"
"241590","화승엔터프라이즈","10800","-350","-3.14","654270.0"
"272450","진에어","13700","-150","-1.08","715140.0"
"294870","HDC현대산업개발","10700","-150","-1.38","705208.0"
"069080","웹젠","18300","-400","-2.14","646189.0"
"025980","아난티","6580","-40","-0.60","568702.0"
"060250","NHN한국사이버결제","12900","-150","-1.15","518072.0"
"089980","상아프론테크","29100","150","0.52","465281.0"
"121800","비덴트","8490","-300","-3.41","435715.0"
"298000","효성화학","167500","-5000","-2.90","534346.0"
"235980","메드팩토","26500","0","0.00","558234.0"
"289220","자이언트스텝","22650","-1150","-4.83","494541.0"
"097520","엠씨넥스","30800","-200","-0.65","553693.0"
"194480","데브시스터즈","46000","-2200","-4.56","544049.0"